<keymap version="1" name="Aviv" parent="Mac OS X 10.5+">
  <action id="$Redo">
    <keyboard-shortcut first-keystroke="shift meta z" />
    <keyboard-shortcut first-keystroke="shift alt back_space" />
    <keyboard-shortcut first-keystroke="meta y" />
  </action>
  <action id="ActivateBookmarksToolWindow">
    <keyboard-shortcut first-keystroke="meta 7" />
  </action>
  <action id="ActivateCommitToolWindow">
    <keyboard-shortcut first-keystroke="meta 3" />
  </action>
  <action id="ActivateFindToolWindow" />
  <action id="ActivateHierarchyToolWindow">
    <keyboard-shortcut first-keystroke="meta 0" />
  </action>
  <action id="ActivateProblemsViewToolWindow" />
  <action id="ActivatePythonConsoleToolWindow">
    <keyboard-shortcut first-keystroke="meta 8" />
    <keyboard-shortcut first-keystroke="meta 6" />
  </action>
  <action id="ActivateRunToolWindow" />
  <action id="ActivateServicesToolWindow" />
  <action id="ActivateStructureToolWindow">
    <keyboard-shortcut first-keystroke="meta 9" />
  </action>
  <action id="ActivateTerminalToolWindow">
    <keyboard-shortcut first-keystroke="meta 2" />
  </action>
  <action id="ActivateVersionControlToolWindow">
    <keyboard-shortcut first-keystroke="meta 4" />
  </action>
  <action id="Activateaws.toolkit.explorerToolWindow">
    <keyboard-shortcut first-keystroke="meta 8" />
  </action>
  <action id="Annotate">
    <keyboard-shortcut first-keystroke="ctrl c" />
  </action>
  <action id="Arrangement.Alias.Rule.Match.Condition.Move.Down" />
  <action id="Arrangement.Rule.Group.Condition.Move.Down" />
  <action id="Arrangement.Rule.Group.Condition.Move.Up" />
  <action id="Arrangement.Rule.Match.Condition.Move.Down" />
  <action id="Arrangement.Rule.Match.Condition.Move.Up" />
  <action id="CloseActiveTab">
    <keyboard-shortcut first-keystroke="shift ctrl f4" />
    <keyboard-shortcut first-keystroke="meta escape" />
  </action>
  <action id="CloseAllEditorsButActive">
    <keyboard-shortcut first-keystroke="alt w" />
  </action>
  <action id="CloseContent">
    <keyboard-shortcut first-keystroke="meta w" />
    <keyboard-shortcut first-keystroke="ctrl w" />
  </action>
  <action id="CloseProject">
    <keyboard-shortcut first-keystroke="shift meta w" />
  </action>
  <action id="CompareTwoFiles" />
  <action id="Diff.FocusOppositePane" />
  <action id="DomCollectionControl.Edit">
    <keyboard-shortcut first-keystroke="f4" />
  </action>
  <action id="DomElementsTreeView.GotoDomElementDeclarationAction">
    <keyboard-shortcut first-keystroke="f4" />
  </action>
  <action id="EditSource">
    <keyboard-shortcut first-keystroke="f4" />
  </action>
  <action id="Editor Redo">
    <keyboard-shortcut first-keystroke="meta y" />
  </action>
  <action id="EditorBackwardParagraph">
    <keyboard-shortcut first-keystroke="meta alt open_bracket" />
    <keyboard-shortcut first-keystroke="alt up" />
  </action>
  <action id="EditorBackwardParagraphWithSelection">
    <keyboard-shortcut first-keystroke="shift alt up" />
  </action>
  <action id="EditorCodeBlockEnd" />
  <action id="EditorCodeBlockStart" />
  <action id="EditorDecreaseFontSize">
    <keyboard-shortcut first-keystroke="alt minus" />
  </action>
  <action id="EditorDuplicate">
    <keyboard-shortcut first-keystroke="shift meta down" />
    <keyboard-shortcut first-keystroke="shift meta up" />
  </action>
  <action id="EditorForwardParagraph">
    <keyboard-shortcut first-keystroke="meta alt close_bracket" />
    <keyboard-shortcut first-keystroke="alt down" />
  </action>
  <action id="EditorForwardParagraphWithSelection">
    <keyboard-shortcut first-keystroke="shift alt down" />
  </action>
  <action id="EditorIncreaseFontSize">
    <keyboard-shortcut first-keystroke="alt equals" />
  </action>
  <action id="EditorLineEnd">
    <keyboard-shortcut first-keystroke="meta right" />
    <keyboard-shortcut first-keystroke="ctrl e" />
  </action>
  <action id="EditorLineStart">
    <keyboard-shortcut first-keystroke="meta left" />
    <keyboard-shortcut first-keystroke="ctrl a" />
  </action>
  <action id="EditorResetFontSize">
    <keyboard-shortcut first-keystroke="alt 0" />
  </action>
  <action id="EditorScrollBottom">
    <keyboard-shortcut first-keystroke="end" />
  </action>
  <action id="EditorScrollTop">
    <keyboard-shortcut first-keystroke="home" />
  </action>
  <action id="EditorSelectWord" />
  <action id="EditorUnSelectWord" />
  <action id="EvaluateExpression">
    <keyboard-shortcut first-keystroke="alt f8" />
    <keyboard-shortcut first-keystroke="shift ctrl c" />
  </action>
  <action id="ExportSettings">
    <keyboard-shortcut first-keystroke="f18" />
  </action>
  <action id="ExternalSystem.OpenConfig">
    <keyboard-shortcut first-keystroke="f4" />
  </action>
  <action id="FileChooser.GotoDesktop" />
  <action id="FileChooser.GotoHome" />
  <action id="FileChooser.GotoModule" />
  <action id="FileChooser.GotoProject" />
  <action id="FileStructurePopup" />
  <action id="Generate">
    <keyboard-shortcut first-keystroke="ctrl enter" />
  </action>
  <action id="GotoImplementation">
    <keyboard-shortcut first-keystroke="meta alt b" />
  </action>
  <action id="GotoRelated" />
  <action id="GotoTest" />
  <action id="GotoTypeDeclaration">
    <keyboard-shortcut first-keystroke="shift meta b" />
    <keyboard-shortcut first-keystroke="shift ctrl b" />
  </action>
  <action id="HideActiveWindow">
    <keyboard-shortcut first-keystroke="shift escape" />
    <keyboard-shortcut first-keystroke="ctrl escape" />
  </action>
  <action id="List-selectFirstRow" />
  <action id="List-selectFirstRowExtendSelection" />
  <action id="List-selectLastRow" />
  <action id="List-selectLastRowExtendSelection" />
  <action id="MemberPushDown">
    <keyboard-shortcut first-keystroke="ctrl end" />
  </action>
  <action id="MembersPullUp">
    <keyboard-shortcut first-keystroke="ctrl home" />
  </action>
  <action id="MethodDown" />
  <action id="MethodOverloadSwitchDown" />
  <action id="MethodOverloadSwitchUp" />
  <action id="MoveEditorToOppositeTabGroup">
    <keyboard-shortcut first-keystroke="ctrl page_up" />
  </action>
  <action id="MoveLineDown">
    <keyboard-shortcut first-keystroke="meta down" />
  </action>
  <action id="MoveLineUp">
    <keyboard-shortcut first-keystroke="meta up" />
  </action>
  <action id="MoveStatementDown" />
  <action id="MoveStatementUp" />
  <action id="MoveTabRight">
    <keyboard-shortcut first-keystroke="ctrl page_down" />
  </action>
  <action id="NavBar-navigate">
    <keyboard-shortcut first-keystroke="f4" />
  </action>
  <action id="NavBar-selectHome">
    <keyboard-shortcut first-keystroke="meta left" />
    <keyboard-shortcut first-keystroke="ctrl a" />
  </action>
  <action id="NewPythonFile">
    <keyboard-shortcut first-keystroke="shift ctrl n" />
  </action>
  <action id="NextDiff">
    <keyboard-shortcut first-keystroke="f7" />
    <keyboard-shortcut first-keystroke="ctrl meta down" />
  </action>
  <action id="NextWindow" />
  <action id="OpenProjectWindows">
    <keyboard-shortcut first-keystroke="ctrl back_quote" />
    <keyboard-shortcut first-keystroke="alt #10000a7" />
  </action>
  <action id="PreviousDiff">
    <keyboard-shortcut first-keystroke="shift f7" />
    <keyboard-shortcut first-keystroke="ctrl meta up" />
  </action>
  <action id="ProjectViewEditSource">
    <keyboard-shortcut first-keystroke="f4" />
  </action>
  <action id="QuickChangeScheme">
    <keyboard-shortcut first-keystroke="alt quote" />
  </action>
  <action id="QuickImplementations">
    <keyboard-shortcut first-keystroke="alt space" />
  </action>
  <action id="QuickJavaDoc">
    <keyboard-shortcut first-keystroke="ctrl j" />
    <mouse-shortcut keystroke="control button2" />
  </action>
  <action id="ReopenClosedTab">
    <keyboard-shortcut first-keystroke="shift meta t" />
  </action>
  <action id="ResizeToolWindowDown" />
  <action id="RevealIn">
    <mouse-shortcut keystroke="shift control button1" />
  </action>
  <action id="SaveAll">
    <keyboard-shortcut first-keystroke="shift meta s" />
  </action>
  <action id="SaveDocument">
    <keyboard-shortcut first-keystroke="meta s" />
  </action>
  <action id="SearchEverywhere.NavigateToNextGroup">
    <keyboard-shortcut first-keystroke="page_down" />
  </action>
  <action id="SearchEverywhere.NavigateToPrevGroup">
    <keyboard-shortcut first-keystroke="page_up" />
  </action>
  <action id="SelectInProjectView">
    <keyboard-shortcut first-keystroke="alt s" />
  </action>
  <action id="SendEOF" />
  <action id="ServiceView.JumpToServices">
    <keyboard-shortcut first-keystroke="alt home" />
  </action>
  <action id="ServiceView.ShowServices" />
  <action id="ShowContent" />
  <action id="ShowNavBar">
    <keyboard-shortcut first-keystroke="alt home" />
    <keyboard-shortcut first-keystroke="meta back_slash" />
  </action>
  <action id="ShowSearchHistory" />
  <action id="SmartSelect" />
  <action id="SmartUnSelect" />
  <action id="SplitVertically">
    <keyboard-shortcut first-keystroke="alt end" />
  </action>
  <action id="Switcher" />
  <action id="Table-scrollDownExtendSelection">
    <keyboard-shortcut first-keystroke="shift page_down" />
  </action>
  <action id="ToggleBreakpointEnabled">
    <keyboard-shortcut first-keystroke="f10" />
  </action>
  <action id="ToggleLineBreakpoint">
    <keyboard-shortcut first-keystroke="meta f8" />
    <keyboard-shortcut first-keystroke="shift #10000b1" />
  </action>
  <action id="ToggleReadOnlyAttribute">
    <keyboard-shortcut first-keystroke="shift ctrl v" />
  </action>
  <action id="Tree-scrollDownExtendSelection">
    <keyboard-shortcut first-keystroke="shift page_down" />
  </action>
  <action id="Unsplit">
    <keyboard-shortcut first-keystroke="meta f15" />
  </action>
  <action id="UsageFiltering.WriteAccess" />
  <action id="UsageView.ShowRecentFindUsages" />
  <action id="Vcs.Diff.ExcludeChangedLinesFromCommit">
    <keyboard-shortcut first-keystroke="ctrl meta back_slash" />
  </action>
  <action id="Vcs.Diff.IncludeChangedLinesIntoCommit">
    <keyboard-shortcut first-keystroke="ctrl meta enter" />
  </action>
  <action id="Vcs.EditSource">
    <keyboard-shortcut first-keystroke="f4" />
  </action>
  <action id="Vcs.Log.ShowTooltip">
    <keyboard-shortcut first-keystroke="ctrl j" />
    <mouse-shortcut keystroke="control button2" />
  </action>
  <action id="Vcs.ShowHistoryForBlock">
    <keyboard-shortcut first-keystroke="shift ctrl meta m" />
  </action>
  <action id="XDebugger.CopyName">
    <keyboard-shortcut first-keystroke="f1" />
  </action>
  <action id="XDebugger.JumpToSource">
    <keyboard-shortcut first-keystroke="f4" />
  </action>
  <action id="ZoomCurrentWindow" />
  <action id="com.github.kawamataryo.copygitlink.CopyPermalinkAsMarkdown">
    <keyboard-shortcut first-keystroke="ctrl alt m" />
  </action>
  <action id="opennInNewSplittedTab">
    <mouse-shortcut keystroke="shift control meta button1" />
    <mouse-shortcut keystroke="meta alt button1" />
    <mouse-shortcut keystroke="shift meta button1" />
  </action>
  <action id="uk.co.ben_gibson.git.link.ui.actions.menu.BrowserAction">
    <keyboard-shortcut first-keystroke="shift ctrl back_quote" />
  </action>
</keymap>