<keymap version="1" name="Aviv" parent="Mac OS X 10.5+">
  <action id="$Redo">
    <keyboard-shortcut first-keystroke="shift meta z" />
    <keyboard-shortcut first-keystroke="shift alt back_space" />
    <keyboard-shortcut first-keystroke="meta y" />
  </action>
  <action id="AIAssistant.GenerateFileCommitSummary">
    <keyboard-shortcut first-keystroke="ctrl alt back_quote" />
  </action>
  <action id="AIAssistant.In.Editor.Diff.Discard">
    <keyboard-shortcut first-keystroke="ctrl meta right" />
  </action>
  <action id="AIAssistant.ToolWindow.Snippet.Apply.Smart">
    <keyboard-shortcut first-keystroke="ctrl meta enter" />
  </action>
  <action id="ActivateAIAssistantToolWindow">
    <keyboard-shortcut first-keystroke="shift meta 1" />
  </action>
  <action id="ActivateBookmarksToolWindow">
    <keyboard-shortcut first-keystroke="meta 8" />
  </action>
  <action id="ActivateCascadeToolWindow">
    <keyboard-shortcut first-keystroke="shift alt 1" />
  </action>
  <action id="ActivateClaudeMindToolWindow">
    <keyboard-shortcut first-keystroke="meta alt 3" />
  </action>
  <action id="ActivateCodiumateTestsToolWindow">
    <keyboard-shortcut first-keystroke="shift alt 2" />
  </action>
  <action id="ActivateCommitToolWindow">
    <keyboard-shortcut first-keystroke="meta 3" />
  </action>
  <action id="ActivateDatabaseToolWindow">
    <keyboard-shortcut first-keystroke="meta #10000a7" />
  </action>
  <action id="ActivateElectroJunToolWindowToolWindow">
    <keyboard-shortcut first-keystroke="shift meta 2" />
  </action>
  <action id="ActivateFindToolWindow">
    <keyboard-shortcut first-keystroke="ctrl meta minus" />
    <keyboard-shortcut first-keystroke="ctrl alt f" />
  </action>
  <action id="ActivateHierarchyToolWindow">
    <keyboard-shortcut first-keystroke="meta alt h" />
    <keyboard-shortcut first-keystroke="meta j" />
  </action>
  <action id="ActivatePRAIAssistantToolWindow">
    <keyboard-shortcut first-keystroke="shift meta 6" />
  </action>
  <action id="ActivateProblemsViewToolWindow" />
  <action id="ActivatePullRequestsToolWindow">
    <keyboard-shortcut first-keystroke="meta 0" />
  </action>
  <action id="ActivatePythonConsoleToolWindow">
    <keyboard-shortcut first-keystroke="meta 7" />
  </action>
  <action id="ActivateRunToolWindow">
    <keyboard-shortcut first-keystroke="meta 6" />
  </action>
  <action id="ActivateServicesToolWindow">
    <keyboard-shortcut first-keystroke="ctrl meta tab" />
  </action>
  <action id="ActivateStructureToolWindow">
    <keyboard-shortcut first-keystroke="meta 9" />
  </action>
  <action id="ActivateTODOToolWindow">
    <keyboard-shortcut first-keystroke="ctrl meta equals" />
  </action>
  <action id="ActivateTerminalToolWindow">
    <keyboard-shortcut first-keystroke="meta 2" />
  </action>
  <action id="ActivateVersionControlToolWindow">
    <keyboard-shortcut first-keystroke="meta 4" />
  </action>
  <action id="Annotate">
    <keyboard-shortcut first-keystroke="ctrl c" />
  </action>
  <action id="Arrangement.Alias.Rule.Add">
    <keyboard-shortcut first-keystroke="meta n" />
  </action>
  <action id="Arrangement.Alias.Rule.Match.Condition.Move.Down" />
  <action id="Arrangement.Rule.Add">
    <keyboard-shortcut first-keystroke="meta n" />
  </action>
  <action id="Arrangement.Rule.Group.Condition.Move.Down" />
  <action id="Arrangement.Rule.Group.Condition.Move.Up" />
  <action id="Arrangement.Rule.Match.Condition.Move.Down" />
  <action id="Arrangement.Rule.Match.Condition.Move.Up" />
  <action id="Back">
    <keyboard-shortcut first-keystroke="meta open_bracket" />
    <keyboard-shortcut first-keystroke="ctrl left" />
    <keyboard-shortcut first-keystroke="ctrl a" />
  </action>
  <action id="BookmarksView.MoveDown">
    <keyboard-shortcut first-keystroke="ctrl meta down" />
  </action>
  <action id="CallInlineCompletionAction">
    <keyboard-shortcut first-keystroke="alt back_slash" />
  </action>
  <action id="ChangesView.NewChangeList">
    <keyboard-shortcut first-keystroke="meta alt n" />
  </action>
  <action id="ChangesView.SetDefault">
    <keyboard-shortcut first-keystroke="meta alt a" />
  </action>
  <action id="ClassNameCompletion">
    <keyboard-shortcut first-keystroke="shift meta c" />
  </action>
  <action id="CloseAllEditors">
    <keyboard-shortcut first-keystroke="ctrl w" />
  </action>
  <action id="CloseAllEditorsButActive">
    <keyboard-shortcut first-keystroke="alt w" />
  </action>
  <action id="CloseProject">
    <keyboard-shortcut first-keystroke="shift meta w" />
  </action>
  <action id="CodeCompletion">
    <keyboard-shortcut first-keystroke="alt c" />
  </action>
  <action id="CollapseBlock" />
  <action id="CompareTwoFiles" />
  <action id="Console.TableResult.ColumnLocalFilter">
    <keyboard-shortcut first-keystroke="meta alt f" />
  </action>
  <action id="Console.TableResult.CompareCells" />
  <action id="Console.TableResult.CopyAggregatorResult" />
  <action id="Console.TableResult.EditFilterCriteria">
    <keyboard-shortcut first-keystroke="shift meta alt f" />
    <keyboard-shortcut first-keystroke="ctrl alt f" />
  </action>
  <action id="Console.TableResult.Filter.Custom">
    <keyboard-shortcut first-keystroke="shift ctrl f" />
  </action>
  <action id="Console.TableResult.NextPage">
    <keyboard-shortcut first-keystroke="ctrl meta down" />
  </action>
  <action id="Console.TableResult.PreviousPage">
    <keyboard-shortcut first-keystroke="ctrl meta up" />
  </action>
  <action id="Console.TableResult.SetDefault" />
  <action id="Console.TableResult.SetNull">
    <keyboard-shortcut first-keystroke="meta alt n" />
    <keyboard-shortcut first-keystroke="shift ctrl meta n" />
  </action>
  <action id="ContextDebug">
    <keyboard-shortcut first-keystroke="shift ctrl d" />
  </action>
  <action id="CopyAbsolutePath">
    <keyboard-shortcut first-keystroke="ctrl meta alt c" />
  </action>
  <action id="CopyPathFromRepositoryRootProvider">
    <keyboard-shortcut first-keystroke="ctrl alt c" />
  </action>
  <action id="CopyPaths" />
  <action id="CopyReference">
    <keyboard-shortcut first-keystroke="shift ctrl alt c" />
  </action>
  <action id="DatabaseView.CopyDdlAction">
    <keyboard-shortcut first-keystroke="shift meta alt g" />
  </action>
  <action id="DebugClass" />
  <action id="DebugWithReloadium">
    <keyboard-shortcut first-keystroke="ctrl d" />
  </action>
  <action id="DebugWithReloadiumRunContext">
    <keyboard-shortcut first-keystroke="shift ctrl d" />
  </action>
  <action id="Debugger.AddToWatch">
    <keyboard-shortcut first-keystroke="meta alt w" />
  </action>
  <action id="Debugger.RemoveAllBreakpoints">
    <keyboard-shortcut first-keystroke="ctrl meta alt d" />
  </action>
  <action id="Diff.FocusOppositePane" />
  <action id="Diff.NextChange" />
  <action id="Diff.PrevChange" />
  <action id="Diff.ShowSettingsPopup" />
  <action id="Django.RunManageTaskAction">
    <keyboard-shortcut first-keystroke="alt y" />
  </action>
  <action id="DomCollectionControl.Edit">
    <keyboard-shortcut first-keystroke="f4" />
  </action>
  <action id="DomElementsTreeView.GotoDomElementDeclarationAction">
    <keyboard-shortcut first-keystroke="f4" />
  </action>
  <action id="EditSource">
    <keyboard-shortcut first-keystroke="f4" />
  </action>
  <action id="Editor Redo">
    <keyboard-shortcut first-keystroke="meta y" />
  </action>
  <action id="EditorAddCaretPerSelectedLine">
    <keyboard-shortcut first-keystroke="shift alt g" />
    <keyboard-shortcut first-keystroke="shift meta l" />
  </action>
  <action id="EditorBackwardParagraph">
    <keyboard-shortcut first-keystroke="alt up" />
  </action>
  <action id="EditorBackwardParagraphWithSelection">
    <keyboard-shortcut first-keystroke="shift alt up" />
  </action>
  <action id="EditorCodeBlockEnd" />
  <action id="EditorCodeBlockStart" />
  <action id="EditorDecreaseFontSize">
    <keyboard-shortcut first-keystroke="alt minus" />
  </action>
  <action id="EditorDuplicate">
    <keyboard-shortcut first-keystroke="shift meta down" />
    <keyboard-shortcut first-keystroke="shift meta up" />
  </action>
  <action id="EditorForwardParagraph">
    <keyboard-shortcut first-keystroke="alt down" />
  </action>
  <action id="EditorForwardParagraphWithSelection">
    <keyboard-shortcut first-keystroke="shift alt down" />
  </action>
  <action id="EditorIncreaseFontSize">
    <keyboard-shortcut first-keystroke="alt equals" />
  </action>
  <action id="EditorLineEnd">
    <keyboard-shortcut first-keystroke="meta right" />
    <keyboard-shortcut first-keystroke="ctrl e" />
  </action>
  <action id="EditorLineStart">
    <keyboard-shortcut first-keystroke="meta left" />
  </action>
  <action id="EditorNextWord">
    <keyboard-shortcut first-keystroke="alt right" />
  </action>
  <action id="EditorNextWordInDifferentHumpsMode">
    <keyboard-shortcut first-keystroke="shift ctrl alt right" />
  </action>
  <action id="EditorNextWordInDifferentHumpsModeWithSelection">
    <keyboard-shortcut first-keystroke="shift ctrl meta right" />
  </action>
  <action id="EditorPreviousWord">
    <keyboard-shortcut first-keystroke="alt left" />
  </action>
  <action id="EditorPreviousWordInDifferentHumpsMode">
    <keyboard-shortcut first-keystroke="shift ctrl alt left" />
  </action>
  <action id="EditorPreviousWordInDifferentHumpsModeWithSelection">
    <keyboard-shortcut first-keystroke="shift ctrl meta left" />
  </action>
  <action id="EditorResetFontSize">
    <keyboard-shortcut first-keystroke="alt 0" />
  </action>
  <action id="EditorScrollBottom">
    <keyboard-shortcut first-keystroke="end" />
  </action>
  <action id="EditorScrollToCenter">
    <keyboard-shortcut first-keystroke="ctrl l" />
    <keyboard-shortcut first-keystroke="ctrl meta c" />
  </action>
  <action id="EditorScrollTop">
    <keyboard-shortcut first-keystroke="home" />
  </action>
  <action id="EditorSelectWord" />
  <action id="EditorUnSelectWord" />
  <action id="EnableSupermaven">
    <keyboard-shortcut first-keystroke="shift ctrl meta c" />
  </action>
  <action id="EvaluateExpression">
    <keyboard-shortcut first-keystroke="alt f8" />
    <keyboard-shortcut first-keystroke="shift ctrl c" />
  </action>
  <action id="ExecuteInPyConsoleAction">
    <keyboard-shortcut first-keystroke="shift ctrl meta r" />
  </action>
  <action id="ExportSettings">
    <keyboard-shortcut first-keystroke="f18" />
  </action>
  <action id="ExternalSystem.OpenConfig">
    <keyboard-shortcut first-keystroke="f4" />
  </action>
  <action id="ExtractSuperclass">
    <keyboard-shortcut first-keystroke="meta alt s" />
  </action>
  <action id="FileChooser.GoForward">
    <keyboard-shortcut first-keystroke="meta close_bracket" />
    <mouse-shortcut keystroke="button5" />
  </action>
  <action id="FileChooser.GotoDesktop" />
  <action id="FileChooser.GotoHome" />
  <action id="FileChooser.GotoModule" />
  <action id="FileChooser.GotoProject" />
  <action id="FileChooser.ShowHidden">
    <keyboard-shortcut first-keystroke="shift meta period" />
  </action>
  <action id="FileEditor.OpenDataEditor">
    <keyboard-shortcut first-keystroke="shift ctrl t" />
  </action>
  <action id="FileStructurePopup" />
  <action id="FindUsages">
    <keyboard-shortcut first-keystroke="alt f7" />
    <keyboard-shortcut first-keystroke="alt f" />
  </action>
  <action id="FindWordAtCaret">
    <keyboard-shortcut first-keystroke="meta g" />
    <keyboard-shortcut first-keystroke="meta alt g" />
  </action>
  <action id="ForceRunToCursor">
    <keyboard-shortcut first-keystroke="meta alt f9" />
    <keyboard-shortcut first-keystroke="alt h" />
  </action>
  <action id="Forward">
    <keyboard-shortcut first-keystroke="meta close_bracket" />
    <keyboard-shortcut first-keystroke="ctrl right" />
    <keyboard-shortcut first-keystroke="ctrl s" />
  </action>
  <action id="Generate">
    <keyboard-shortcut first-keystroke="ctrl enter" />
  </action>
  <action id="Git.Checkout.Branch">
    <keyboard-shortcut first-keystroke="ctrl alt c" />
  </action>
  <action id="Git.CherryPick.Abort">
    <keyboard-shortcut first-keystroke="ctrl meta z" />
  </action>
  <action id="Git.CompareWithBranch">
    <keyboard-shortcut first-keystroke="shift ctrl meta c" />
  </action>
  <action id="Git.Fetch">
    <keyboard-shortcut first-keystroke="shift ctrl meta f" />
  </action>
  <action id="Git.Log.Branches.Navigate.Log.To.Selected.Branch">
    <keyboard-shortcut first-keystroke="alt f1" />
    <keyboard-shortcut first-keystroke="alt s" />
  </action>
  <action id="Git.Merge.Abort">
    <keyboard-shortcut first-keystroke="ctrl meta z" />
  </action>
  <action id="Git.New.Branch.In.Log" />
  <action id="Git.Pull">
    <keyboard-shortcut first-keystroke="ctrl meta p" />
  </action>
  <action id="Git.Rebase.Abort">
    <keyboard-shortcut first-keystroke="ctrl meta z" />
  </action>
  <action id="Git.Revert.Abort">
    <keyboard-shortcut first-keystroke="ctrl meta z" />
  </action>
  <action id="Git.Squash.Commits">
    <keyboard-shortcut first-keystroke="ctrl meta s" />
  </action>
  <action id="GitCheckoutAction">
    <keyboard-shortcut first-keystroke="ctrl alt c" />
  </action>
  <action id="GitNewBranchAction" />
  <action id="Github.Create.Pull.Request">
    <keyboard-shortcut first-keystroke="shift ctrl meta p" />
  </action>
  <action id="Github.Pull.Request.Review.In.Editor.Toggle">
    <keyboard-shortcut first-keystroke="shift ctrl meta e" />
  </action>
  <action id="Github.PullRequest.Copy.Link">
    <keyboard-shortcut first-keystroke="ctrl meta alt p" />
  </action>
  <action id="Github.PullRequest.Open.Link">
    <keyboard-shortcut first-keystroke="ctrl alt p" />
  </action>
  <action id="Github.View.Pull.Request">
    <keyboard-shortcut first-keystroke="shift meta p" />
  </action>
  <action id="GotoDatabaseObject">
    <keyboard-shortcut first-keystroke="f4" />
  </action>
  <action id="GotoDeclaration">
    <keyboard-shortcut first-keystroke="meta b" />
    <mouse-shortcut keystroke="meta button1" />
    <mouse-shortcut keystroke="Force touch" />
    <mouse-shortcut keystroke="button2" />
    <keyboard-shortcut first-keystroke="alt b" />
  </action>
  <action id="GotoImplementation">
    <keyboard-shortcut first-keystroke="meta alt b" />
  </action>
  <action id="GotoNextElementUnderCaretUsage">
    <keyboard-shortcut first-keystroke="ctrl alt down" />
    <keyboard-shortcut first-keystroke="meta alt down" />
  </action>
  <action id="GotoPrevElementUnderCaretUsage">
    <keyboard-shortcut first-keystroke="ctrl alt up" />
    <keyboard-shortcut first-keystroke="meta alt up" />
  </action>
  <action id="GotoRelated" />
  <action id="GotoTest">
    <keyboard-shortcut first-keystroke="ctrl meta t" />
  </action>
  <action id="GotoTypeDeclaration">
    <keyboard-shortcut first-keystroke="shift ctrl b" />
  </action>
  <action id="Graph.ZoomIn">
    <keyboard-shortcut first-keystroke="add" />
    <keyboard-shortcut first-keystroke="equals" />
    <keyboard-shortcut first-keystroke="alt equals" />
  </action>
  <action id="Graph.ZoomOut">
    <keyboard-shortcut first-keystroke="subtract" />
    <keyboard-shortcut first-keystroke="minus" />
    <keyboard-shortcut first-keystroke="alt minus" />
  </action>
  <action id="HideActiveWindow">
    <keyboard-shortcut first-keystroke="shift escape" />
    <keyboard-shortcut first-keystroke="ctrl escape" />
  </action>
  <action id="HideAllWindows">
    <keyboard-shortcut first-keystroke="shift meta f12" />
    <keyboard-shortcut first-keystroke="meta alt d" />
  </action>
  <action id="Images.Editor.ZoomOut">
    <keyboard-shortcut first-keystroke="meta subtract" />
    <keyboard-shortcut first-keystroke="meta minus" />
    <keyboard-shortcut first-keystroke="alt minus" />
  </action>
  <action id="InsertLiveTemplate" />
  <action id="IntentionActionAsAction_com.jetbrains.python.codeInsight.intentions.PyAnnotateTypesIntention">
    <keyboard-shortcut first-keystroke="ctrl alt t" />
  </action>
  <action id="Jdbc.OpenConsole.New">
    <keyboard-shortcut first-keystroke="shift meta c" />
  </action>
  <action id="List-selectFirstRow" />
  <action id="List-selectFirstRowExtendSelection" />
  <action id="List-selectLastRow" />
  <action id="List-selectLastRowExtendSelection" />
  <action id="MemberPushDown">
    <keyboard-shortcut first-keystroke="alt end" />
  </action>
  <action id="MembersPullUp">
    <keyboard-shortcut first-keystroke="alt home" />
  </action>
  <action id="MethodOverloadSwitchDown" />
  <action id="MethodOverloadSwitchUp" />
  <action id="MoveEditorToOppositeTabGroup">
    <keyboard-shortcut first-keystroke="ctrl page_up" />
  </action>
  <action id="MoveLineDown">
    <keyboard-shortcut first-keystroke="meta down" />
  </action>
  <action id="MoveLineUp">
    <keyboard-shortcut first-keystroke="meta up" />
  </action>
  <action id="MoveStatementDown">
    <keyboard-shortcut first-keystroke="shift ctrl alt down" />
  </action>
  <action id="MoveStatementUp">
    <keyboard-shortcut first-keystroke="shift ctrl alt up" />
  </action>
  <action id="MoveTabRight">
    <keyboard-shortcut first-keystroke="ctrl home" />
  </action>
  <action id="NavBar-navigate">
    <keyboard-shortcut first-keystroke="f4" />
  </action>
  <action id="NavBar-selectHome">
    <keyboard-shortcut first-keystroke="meta left" />
  </action>
  <action id="NewElement">
    <keyboard-shortcut first-keystroke="meta n" />
  </action>
  <action id="NewPythonFile">
    <keyboard-shortcut first-keystroke="shift ctrl n" />
  </action>
  <action id="NextDiff">
    <keyboard-shortcut first-keystroke="f7" />
    <keyboard-shortcut first-keystroke="ctrl meta down" />
  </action>
  <action id="NextEditorTab" />
  <action id="NextOccurence">
    <keyboard-shortcut first-keystroke="ctrl meta down" />
  </action>
  <action id="NextTab">
    <keyboard-shortcut first-keystroke="shift ctrl right" />
  </action>
  <action id="NextWindow" />
  <action id="NotebookRunCellAction" />
  <action id="NotebookSelectCellAboveAction">
    <keyboard-shortcut first-keystroke="shift ctrl meta up" />
  </action>
  <action id="OpenEditorInOppositeTabGroup">
    <keyboard-shortcut first-keystroke="ctrl page_down" />
  </action>
  <action id="OpenInlineChatAction">
    <keyboard-shortcut first-keystroke="shift ctrl a" />
    <keyboard-shortcut first-keystroke="shift ctrl g" />
  </action>
  <action id="OpenProjectWindows">
    <keyboard-shortcut first-keystroke="alt #10000a7" />
  </action>
  <action id="Pause">
    <keyboard-shortcut first-keystroke="shift alt z" />
  </action>
  <action id="PinActiveTab">
    <keyboard-shortcut first-keystroke="shift alt p" />
  </action>
  <action id="PreviousDiff">
    <keyboard-shortcut first-keystroke="shift f7" />
    <keyboard-shortcut first-keystroke="ctrl meta up" />
  </action>
  <action id="PreviousEditorTab" />
  <action id="PreviousOccurence">
    <keyboard-shortcut first-keystroke="ctrl meta up" />
  </action>
  <action id="PreviousTab">
    <keyboard-shortcut first-keystroke="shift ctrl left" />
  </action>
  <action id="ProjectViewEditSource">
    <keyboard-shortcut first-keystroke="f4" />
  </action>
  <action id="PyConsoleRenameAction">
    <keyboard-shortcut first-keystroke="f2" />
    <keyboard-shortcut first-keystroke="f1" />
  </action>
  <action id="PyExecuteCellAction" />
  <action id="QuickChangeScheme">
    <keyboard-shortcut first-keystroke="alt quote" />
  </action>
  <action id="QuickImplementations">
    <keyboard-shortcut first-keystroke="ctrl alt space" />
  </action>
  <action id="QuickJavaDoc">
    <keyboard-shortcut first-keystroke="ctrl j" />
    <mouse-shortcut keystroke="control button2" />
  </action>
  <action id="RecentChanges" />
  <action id="RemoteHostView.CopyPaths" />
  <action id="ReopenClosedTab">
    <keyboard-shortcut first-keystroke="shift meta t" />
  </action>
  <action id="RerunTests">
    <keyboard-shortcut first-keystroke="ctrl meta r" />
  </action>
  <action id="ResizeToolWindowDown">
    <keyboard-shortcut first-keystroke="meta alt down" />
  </action>
  <action id="ResizeToolWindowLeft">
    <keyboard-shortcut first-keystroke="meta alt left" />
  </action>
  <action id="ResizeToolWindowRight">
    <keyboard-shortcut first-keystroke="meta alt right" />
  </action>
  <action id="ResizeToolWindowUp">
    <keyboard-shortcut first-keystroke="meta alt up" />
  </action>
  <action id="Resume">
    <keyboard-shortcut first-keystroke="f9" />
    <keyboard-shortcut first-keystroke="meta alt e" />
  </action>
  <action id="RevealIn">
    <mouse-shortcut keystroke="shift control button1" />
  </action>
  <action id="RunConfiguration">
    <keyboard-shortcut first-keystroke="shift meta #10000a7" />
  </action>
  <action id="RunCoverage">
    <keyboard-shortcut first-keystroke="shift ctrl alt d" />
  </action>
  <action id="RunDashboard.Debug" />
  <action id="RunToCursor">
    <keyboard-shortcut first-keystroke="alt f9" />
    <mouse-shortcut keystroke="Force touch" />
    <keyboard-shortcut first-keystroke="alt g" />
  </action>
  <action id="SaveAll">
    <keyboard-shortcut first-keystroke="shift meta s" />
  </action>
  <action id="SaveDocument">
    <keyboard-shortcut first-keystroke="meta s" />
  </action>
  <action id="ScrollTreeToCenter">
    <keyboard-shortcut first-keystroke="shift ctrl w" />
  </action>
  <action id="SearchEverywhere.NavigateToNextGroup">
    <keyboard-shortcut first-keystroke="page_down" />
  </action>
  <action id="SearchEverywhere.NavigateToPrevGroup">
    <keyboard-shortcut first-keystroke="page_up" />
  </action>
  <action id="SelectInProjectView">
    <keyboard-shortcut first-keystroke="alt s" />
  </action>
  <action id="SendEOF" />
  <action id="ServiceView.AddService">
    <keyboard-shortcut first-keystroke="meta n" />
  </action>
  <action id="ServiceView.JumpToServices" />
  <action id="ServiceView.ShowServices" />
  <action id="ShowBlankDiffWindow">
    <keyboard-shortcut first-keystroke="shift meta d" />
  </action>
  <action id="ShowContent">
    <keyboard-shortcut first-keystroke="shift ctrl meta down" />
  </action>
  <action id="ShowFilterPopup" />
  <action id="ShowNavBar">
    <keyboard-shortcut first-keystroke="meta alt back_slash" />
  </action>
  <action id="ShowSearchHistory" />
  <action id="ShowSettingsAndFindUsages">
    <keyboard-shortcut first-keystroke="shift meta alt f7" />
    <keyboard-shortcut first-keystroke="shift ctrl meta f7" />
  </action>
  <action id="ShowUmlDiagramPopup" />
  <action id="SmartSelect" />
  <action id="SmartTypeCompletion" />
  <action id="SmartUnSelect" />
  <action id="SplitVertically">
    <keyboard-shortcut first-keystroke="ctrl end" />
  </action>
  <action id="StepIntoMyCode">
    <keyboard-shortcut first-keystroke="shift alt f7" />
    <keyboard-shortcut first-keystroke="meta alt r" />
  </action>
  <action id="StepOut">
    <keyboard-shortcut first-keystroke="shift f8" />
    <keyboard-shortcut first-keystroke="shift alt r" />
  </action>
  <action id="StepOver">
    <keyboard-shortcut first-keystroke="f8" />
    <keyboard-shortcut first-keystroke="alt r" />
  </action>
  <action id="StringManipulation.ToSnakeCaseOrCamelCase">
    <keyboard-shortcut first-keystroke="shift ctrl s" />
  </action>
  <action id="Switcher" />
  <action id="Table-scrollDownExtendSelection">
    <keyboard-shortcut first-keystroke="shift page_down" />
  </action>
  <action id="Terminal.OpenInTerminal">
    <keyboard-shortcut first-keystroke="alt t" />
  </action>
  <action id="ToggleBreakpointEnabled">
    <keyboard-shortcut first-keystroke="f10" />
  </action>
  <action id="ToggleContentUiTypeMode">
    <keyboard-shortcut first-keystroke="ctrl meta alt t" />
  </action>
  <action id="ToggleLineBreakpoint">
    <keyboard-shortcut first-keystroke="meta f8" />
    <keyboard-shortcut first-keystroke="shift #10000b1" />
    <keyboard-shortcut first-keystroke="alt d" />
  </action>
  <action id="Tree-scrollDownExtendSelection">
    <keyboard-shortcut first-keystroke="shift page_down" />
  </action>
  <action id="Uml.NewElement">
    <keyboard-shortcut first-keystroke="meta n" />
  </action>
  <action id="Uml.ShowDiff" />
  <action id="Unsplit">
    <keyboard-shortcut first-keystroke="meta f15" />
  </action>
  <action id="UsageFiltering.WriteAccess" />
  <action id="UsageGrouping.DirectoryStructure" />
  <action id="UsageGrouping.FileStructure" />
  <action id="UsageView.ShowRecentFindUsages" />
  <action id="Vcs.CherryPick">
    <keyboard-shortcut first-keystroke="ctrl meta x" />
  </action>
  <action id="Vcs.Diff.ExcludeChangedLinesFromCommit">
    <keyboard-shortcut first-keystroke="ctrl meta back_slash" />
  </action>
  <action id="Vcs.Diff.IncludeWholeChangedLinesIntoCommit">
    <keyboard-shortcut first-keystroke="ctrl meta enter" />
  </action>
  <action id="Vcs.EditSource">
    <keyboard-shortcut first-keystroke="f4" />
  </action>
  <action id="Vcs.LLMCommitMessageAction">
    <keyboard-shortcut first-keystroke="shift ctrl back_quote" />
  </action>
  <action id="Vcs.Log.AnnotateRevisionAction">
    <keyboard-shortcut first-keystroke="ctrl c" />
  </action>
  <action id="Vcs.Log.ShowTooltip">
    <keyboard-shortcut first-keystroke="ctrl j" />
    <mouse-shortcut keystroke="control button2" />
  </action>
  <action id="Vcs.ShowHistoryForBlock">
    <keyboard-shortcut first-keystroke="shift ctrl meta m" />
  </action>
  <action id="Vcs.ShowTabbedFileHistory">
    <keyboard-shortcut first-keystroke="shift ctrl h" />
  </action>
  <action id="VcsShowNextChangeMarker">
    <keyboard-shortcut first-keystroke="ctrl meta down" />
  </action>
  <action id="VcsShowPrevChangeMarker">
    <keyboard-shortcut first-keystroke="ctrl meta up" />
  </action>
  <action id="ViewBreakpoints">
    <keyboard-shortcut first-keystroke="shift meta f8" />
    <keyboard-shortcut first-keystroke="shift meta f3" />
  </action>
  <action id="WelcomeScreen.CopyProjectPath" />
  <action id="XDebugger.CopyName">
    <keyboard-shortcut first-keystroke="f1" />
  </action>
  <action id="XDebugger.Inspect">
    <keyboard-shortcut first-keystroke="shift ctrl meta w" />
  </action>
  <action id="XDebugger.JumpToSource">
    <keyboard-shortcut first-keystroke="f4" />
  </action>
  <action id="XDebugger.NewWatch">
    <keyboard-shortcut first-keystroke="ctrl meta w" />
  </action>
  <action id="XDebugger.RemoveAllWatches">
    <keyboard-shortcut first-keystroke="shift meta delete" />
  </action>
  <action id="XOpenInNewSplit">
    <mouse-shortcut keystroke="shift meta button1" />
    <keyboard-shortcut first-keystroke="shift meta b" />
  </action>
  <action id="ZoomCurrentWindow" />
  <action id="action.AIAssistant.ToolWindow.Chat.Message.AddContext">
    <keyboard-shortcut first-keystroke="meta back_quote" />
    <keyboard-shortcut first-keystroke="ctrl meta alt l" />
  </action>
  <action id="aws.toolkit.jetbrains.core.services.cwc.commands.GenerateUnitTestsAction" />
  <action id="com.codeium.intellij.AcceptSingleWordAction">
    <keyboard-shortcut first-keystroke="shift alt close_bracket" />
    <keyboard-shortcut first-keystroke="alt tab" />
  </action>
  <action id="com.codeium.intellij.TriggerCompletionAction">
    <keyboard-shortcut first-keystroke="alt back_slash" />
    <keyboard-shortcut first-keystroke="meta alt back_slash" />
  </action>
  <action id="com.codeium.intellij.editor_menu.ExplainSelection" />
  <action id="com.github.kawamataryo.copygitlink.CopyPermalinkAsMarkdown">
    <keyboard-shortcut first-keystroke="ctrl alt m" />
  </action>
  <action id="context.load">
    <keyboard-shortcut first-keystroke="shift alt c" />
  </action>
  <action id="context.save">
    <keyboard-shortcut first-keystroke="shift alt s" />
  </action>
  <action id="copilot.chat.inline">
    <keyboard-shortcut first-keystroke="shift ctrl i" />
    <keyboard-shortcut first-keystroke="shift ctrl a" />
  </action>
  <action id="copilot.chat.show" />
  <action id="copilot.cycleNextInlays">
    <keyboard-shortcut first-keystroke="ctrl period" />
    <keyboard-shortcut first-keystroke="meta alt close_bracket" />
  </action>
  <action id="copilot.cyclePrevInlays">
    <keyboard-shortcut first-keystroke="ctrl comma" />
    <keyboard-shortcut first-keystroke="meta alt open_bracket" />
  </action>
  <action id="copilot.disableCopilot">
    <keyboard-shortcut first-keystroke="shift ctrl meta c" />
  </action>
  <action id="copilot.enableCopilot">
    <keyboard-shortcut first-keystroke="shift ctrl meta c" />
  </action>
  <action id="copilot.git.commit.button">
    <keyboard-shortcut first-keystroke="shift ctrl back_quote" />
  </action>
  <action id="copilot.newChatSession">
    <keyboard-shortcut first-keystroke="ctrl meta 1" />
  </action>
  <action id="copilot.openCopilot">
    <keyboard-shortcut first-keystroke="shift meta 2" />
  </action>
  <action id="copilot.openStatus">
    <keyboard-shortcut first-keystroke="shift ctrl meta s" />
  </action>
  <action id="copilot.requestCompletions">
    <keyboard-shortcut first-keystroke="meta alt back_slash" />
  </action>
  <action id="editRunConfigurations">
    <keyboard-shortcut first-keystroke="shift ctrl e" />
  </action>
  <action id="hg4idea.QPushAction" />
  <action id="opennInNewSplittedTab">
    <mouse-shortcut keystroke="shift control meta button1" />
    <mouse-shortcut keystroke="meta alt button1" />
    <keyboard-shortcut first-keystroke="shift meta b" />
  </action>
  <action id="org.intellij.plugins.markdown.ui.actions.styling.ToggleCodeSpanAction" />
  <action id="tasks.edit">
    <keyboard-shortcut first-keystroke="shift alt e" />
  </action>
  <action id="uk.co.ben_gibson.git.link.ui.actions.menu.BrowserAction" />
  <action id="uk.co.ben_gibson.git.link.ui.actions.menu.CopyAction">
    <keyboard-shortcut first-keystroke="shift ctrl c" />
  </action>
</keymap>