<profile version="1.0">
  <option name="myName" value="Default" />
  <inspection_tool class="LanguageDetectionInspection" enabled="false" level="WARNING" enabled_by_default="false" />
  <inspection_tool class="PyPackageRequirementsInspection" enabled="false" level="WARNING" enabled_by_default="false" />
  <inspection_tool class="PyStubPackagesAdvertiser" enabled="true" level="WARNING" enabled_by_default="true">
    <option name="ignoredPackages">
      <list>
        <option value="pandas" />
      </list>
    </option>
  </inspection_tool>
</profile>