<application>
  <component name="AIAssistantPromptLibraryStorage">
    <option name="prompts">
      <map>
        <entry key="1a7b1a28-fa44-4d88-80c5-41e27c4168ab">
          <value>
            <AIAssistantStoredPrompt>
              <option name="hasCustomTitle" value="true" />
              <option name="id" value="1a7b1a28-fa44-4d88-80c5-41e27c4168ab" />
              <option name="name" value="write a junie prompt" />
              <option name="priority" value="1" />
              <option name="content" value="1. get the task from ticktick mcp server, from a project called `Daily`: $SELECTION  ignore the fact that it's python it's just the name of the task as it's configured in ticktick&#10;&#10;2.write a prompt for junie to execute a task. keep in mind that subtasks are not returned properly through the API and may look like a different tasks. look for tasks that seem related. the prompt you write to junie should be clear, concice with helpful context regarding microservices, class names, requset responses, and a mindset of desired input output/outcome.&#10;" />
            </AIAssistantStoredPrompt>
          </value>
        </entry>
        <entry key="builtin_findproblems">
          <value>
            <AIAssistantStoredPrompt>
              <option name="builtIn" value="true" />
              <option name="hasCustomTitle" value="true" />
              <option name="id" value="builtin_findproblems" />
              <option name="name" value="Find Problems" />
              <option name="priority" value="100500" />
              <option name="showInInput" value="false" />
              <option name="waitForInput" value="true" />
              <option name="content" value="Find potential problems in $SELECTION" />
            </AIAssistantStoredPrompt>
          </value>
        </entry>
        <entry key="builtin_newchat">
          <value>
            <AIAssistantStoredPrompt>
              <option name="builtIn" value="true" />
              <option name="hasCustomTitle" value="true" />
              <option name="id" value="builtin_newchat" />
              <option name="name" value="New Chat Using Selection" />
              <option name="priority" value="100500" />
              <option name="showInInput" value="false" />
              <option name="waitForInput" value="true" />
              <option name="content" value="$SELECTION" />
            </AIAssistantStoredPrompt>
          </value>
        </entry>
        <entry key="e5d8161e-ff0c-49da-8a6b-93a5142baa37">
          <value>
            <AIAssistantStoredPrompt>
              <option name="hasCustomTitle" value="true" />
              <option name="id" value="e5d8161e-ff0c-49da-8a6b-93a5142baa37" />
              <option name="name" value="Convert function to class" />
              <option name="waitForInput" value="true" />
              <option name="content" value="Create a python class that has the following functions as it's method: $SELECTION" />
            </AIAssistantStoredPrompt>
          </value>
        </entry>
      </map>
    </option>
  </component>
</application>