<application>
  <component name="authManager">
    <option name="lastLoginIdcInfo">
      <LastLoginIdcInfo>
        <option name="profileName" value="default" />
        <option name="region" value="eu-central-1" />
        <option name="startUrl" value="https://tres-finance.awsapps.com/start#/" />
      </LastLoginIdcInfo>
    </option>
  </component>
  <component name="aws">
    <option name="QMigrationNotificationShownOnce" value="true" />
    <option name="autoUpdateFeatureNotificationShownOnce" value="true" />
    <option name="profilesNotification" value="Never" />
    <option name="promptedForTelemetry" value="true" />
  </component>
  <component name="notificationEtag">
    <option name="etag" value="&quot;8155ead2d484a2daeb03438d50c02e6d&quot;" />
  </component>
</application>