<application>
  <component name="com.intellij.ide.ui.customization.CustomActionsSchema">
    <group value="Profiler" is_group="true" forse_popup="false" action_type="1" position="0">
      <path value="root" />
      <path value="Main Toolbar" />
      <path value="Right" />
    </group>
    <group value="OpenFile" is_action="true" action_type="1" position="1">
      <path value="root" />
      <path value="Main Toolbar" />
      <path value="Left" />
      <path value="General Actions" />
    </group>
    <group value="XDebugger.RemoveAllWatches" is_action="true" action_type="1" position="5">
      <path value="root" />
      <path value="Debug Watches Toolbar" />
    </group>
    <group value="Debugger.RemoveAllBreakpoints" is_action="true" action_type="1" position="14">
      <path value="root" />
      <path value="Debug Header Toolbar" />
    </group>
    <action id="Debugger.RemoveAllBreakpoints" icon="jar:file:/Applications/PyCharm%20Professional%20Edition.app/Contents/lib/app-client.jar!/expui/toolbar/unknown.svg" />
    <action id="XDebugger.RemoveAllWatches" icon="jar:file:/Applications/PyCharm%20Professional%20Edition.app/Contents/lib/app-client.jar!/expui/toolbar/unknown.svg" />
  </component>
</application>