<application>
  <component name="CodeInsightSettings">
    <option name="PARAMETER_INFO_DELAY" value="500" />
    <option name="REFORMAT_ON_PASTE" value="1" />
    <option name="INDENT_TO_CARET_ON_PASTE" value="true" />
  </component>
  <component name="CodeVisionSettings">
    <option name="codeVisionGroupToPosition">
      <map>
        <entry key="component.usage" value="Default" />
        <entry key="inheritors" value="Default" />
        <entry key="llm" value="Default" />
        <entry key="python.web.structure" value="Default" />
        <entry key="references" value="Default" />
        <entry key="rename" value="Default" />
        <entry key="vcs.code.vision" value="Default" />
      </map>
    </option>
    <option name="defaultPosition" value="Right" />
    <option name="disabledCodeVisionProviderIds">
      <set>
        <option value="component.usage" />
        <option value="inheritors" />
        <option value="llm" />
        <option value="references" />
        <option value="rename" />
        <option value="vcs.code.vision" />
      </set>
    </option>
  </component>
  <component name="DaemonCodeAnalyzerSettings">
    <option name="NEXT_ERROR_ACTION_GOES_TO_ERRORS_FIRST" value="false" />
  </component>
  <component name="DeclarativeInlayHintsSettings">
    <option name="enabledOptions">
      <map>
        <entry key="js.type.hints#function.returns" value="true" />
        <entry key="js.type.hints#non.paren.single.param" value="true" />
        <entry key="js.type.hints#parameters.in.parens" value="true" />
        <entry key="js.type.hints#variables.and.fields" value="true" />
        <entry key="python.type.inlays#python.type.inlays.function.return" value="false" />
        <entry key="python.type.inlays#python.type.inlays.reveal_type" value="true" />
        <entry key="sql.column.names.inlay.hints#sql.show.column.names.for.asterisk" value="true" />
        <entry key="sql.column.names.inlay.hints#sql.show.column.names.for.set.operations" value="true" />
        <entry key="sql.column.names.inlay.hints#sql.show.column.names.in.insert.values" value="true" />
        <entry key="sql.column.names.inlay.hints#sql.show.column.names.in.select" value="true" />
        <entry key="sql.join.cardinality.hints#full.join" value="true" />
        <entry key="sql.join.cardinality.hints#inner.join" value="true" />
        <entry key="sql.join.cardinality.hints#left.join" value="true" />
        <entry key="sql.join.cardinality.hints#right.join" value="true" />
        <entry key="ts.type.hints#function.returns" value="true" />
        <entry key="ts.type.hints#non.paren.single.param" value="true" />
        <entry key="ts.type.hints#parameters.in.parens" value="true" />
        <entry key="ts.type.hints#variables.and.fields" value="true" />
      </map>
    </option>
    <option name="providerIdToEnabled">
      <map>
        <entry key="RuffSuppressionCodes" value="true" />
        <entry key="RuffTomlCodes" value="true" />
        <entry key="js.chain.hints" value="true" />
        <entry key="js.type.hints" value="true" />
        <entry key="python.type.inlays" value="true" />
        <entry key="qodana.yaml.inspection.descriptions" value="true" />
        <entry key="sql.column.names.inlay.hints" value="true" />
        <entry key="sql.join.cardinality.hints" value="true" />
        <entry key="ts.chain.hints" value="true" />
        <entry key="ts.enum.hints" value="true" />
        <entry key="ts.type.hints" value="true" />
      </map>
    </option>
  </component>
  <component name="EditorSettings">
    <option name="languageBreadcrumbsMap">
      <map>
        <entry key="CSS" value="true" />
        <entry key="HTML" value="true" />
        <entry key="JSON" value="true" />
        <entry key="JavaScript" value="true" />
        <entry key="Jupyter" value="true" />
        <entry key="LESS" value="true" />
        <entry key="Markdown" value="true" />
        <entry key="Python" value="true" />
        <entry key="SASS" value="true" />
        <entry key="SCSS" value="true" />
        <entry key="SQL" value="true" />
        <entry key="TypeScript" value="true" />
        <entry key="XHTML" value="true" />
        <entry key="XML" value="true" />
        <entry key="yaml" value="true" />
      </map>
    </option>
    <option name="USE_SOFT_WRAPS" value="CONSOLE" />
    <option name="SHOW_STICKY_LINES" value="false" />
    <option name="IS_DND_ENABLED" value="false" />
  </component>
  <component name="InlayHintsSettings">
    <option name="lastViewedProviderKeyId" value="Python.python.type.inlays.python.type.inlays.function.return" />
  </component>
  <component name="InlineCompletionOnboarding">
    <option name="onboardingFinished" value="true" />
  </component>
</application>