<application>
  <component name="FileTypeManager" version="19">
    <ignoreFiles list="*$py.class;*.pyc;*.pyo;*.rbc;*.yarb;*~;.DS_Store;.git;.hg;.mypy_cache;.pytest_cache;.ruff_cache;.svn;CVS;__pycache__;_svn;vssver.scc;vssver2.scc" />
    <extensionMap>
      <mapping pattern="day7ExampleInput" type="AUTO_DETECTED" />
      <mapping pattern="day7input" type="AUTO_DETECTED" />
      <mapping pattern="dbt_project.yml" type="YAML" />
      <removed_mapping ext="apk" approved="true" type="ARCHIVE" />
      <removed_mapping ext="psd" approved="true" type="Image" />
      <removed_mapping ext="tsv" approved="true" type="CSV/TSV" />
      <mapping ext="plantuml" type="PlantUML file" />
    </extensionMap>
  </component>
</application>