<application>
  <component name="FindSettings">
    <option name="customScope" value="Project Files" />
    <option name="defaultScopeName" value="Project Files" />
    <option name="SEARCH_SCOPE" value="Project Files" />
    <mask>*.pxi</mask>
    <mask>*.pxd</mask>
    <mask>*.pyx</mask>
    <mask>*.pyi</mask>
    <mask>*.ipynb</mask>
    <mask>*.css</mask>
    <mask>*.html</mask>
    <mask>*.xml</mask>
    <mask>*.pyw</mask>
    <mask>*.toml</mask>
    <mask>*.py</mask>
  </component>
</application>