<application>
  <component name="GeneralSettings">
    <option name="showTipsOnStartup" value="false" />
    <option name="confirmOpenNewProject2" value="0" />
    <option name="processCloseConfirmation" value="TERMINATE" />
  </component>
  <component name="Registry">
    <entry key="moved.to.new.ui" value="true" source="SYSTEM" />
    <entry key="ide.experimental.ui" value="true" source="SYSTEM" />
    <entry key="debugger.watches.in.variables" value="false" source="SYSTEM" />
    <entry key="llm.jcp.analytics.endpoint.url" value="https://api.jetbrains.cloud/analytics/events/push" source="MANAGER" />
  </component>
  <component name="StatusBar">
    <option name="widgets">
      <map>
        <entry key="AIAssistant" value="false" />
        <entry key="CwmWireStatsWidgetFactory" value="false" />
        <entry key="Memory" value="true" />
        <entry key="aws.codewhisperer" value="false" />
        <entry key="git" value="true" />
      </map>
    </option>
  </component>
</application>