<application>
  <component name="PostfixTemplates">
    <template id="o@userDefined" key=".o" provider="builtin.python" topmost="false">
      <conditions />
      <template name="fakeKey" value="$EXPR$.objects." description="" toReformat="true" toShortenFQNames="true" />
    </template>
    <template id="v@userDefined" key=".v" provider="builtin.python" topmost="false">
      <conditions />
      <template name="fakeKey" value="$EXPR$.values($END$)" description="" toReformat="true" toShortenFQNames="true" />
    </template>
    <template id="v@userDefined" key=".vl" provider="builtin.python" topmost="false">
      <conditions />
      <template name="fakeKey" value="$EXPR$.values_list($END$,flat=True)" description="" toReformat="true" toShortenFQNames="true" />
    </template>
    <template id="f@userDefined2" key=".f" provider="builtin.python" topmost="false">
      <conditions />
      <template name="fakeKey" value="$EXPR$.filter($END$)" description="" toReformat="true" toShortenFQNames="true" />
    </template>
    <template id="of@userDefined" key=".g" provider="builtin.python" topmost="false">
      <conditions />
      <template name="fakeKey" value="$EXPR$.get($END$)" description="" toReformat="true" toShortenFQNames="true" />
    </template>
  </component>
</application>