<application>
  <component name="SettingsSyncSettings">
    <option name="disabledSubcategories">
      <map>
        <entry key="PLUGINS">
          <value>
            <list>
              <option value="com.markskelton.one-dark-theme" />
              <option value="com.tylerthrailkill.intellij.solarized" />
              <option value="mdx.js" />
            </list>
          </value>
        </entry>
      </map>
    </option>
    <option name="migrationFromOldStorageChecked" value="true" />
    <option name="syncEnabled" value="true" />
  </component>
</application>