<application>
  <component name="StringManipulationState">
    <option name="columnAlignerHistory">
      <list>
        <ColumnAlignerModel>
          <option name="added" value="1690961112533" />
          <option name="columnSortOrder" value="" />
          <option name="maxSeparatorsPerLine" value="" />
          <option name="separators">
            <list>
              <option value=":" />
            </list>
          </option>
        </ColumnAlignerModel>
      </list>
    </option>
    <option name="grepHistory">
      <list>
        <GrepSettings>
          <option name="pattern" value="equest_ids_to_updated_attributes&quot;: " />
        </GrepSettings>
        <GrepSettings>
          <option name="pattern" value="test" />
        </GrepSettings>
      </list>
    </option>
    <option name="lastActionModel">
      <UniversalActionModel>
        <option name="actionClassName" value="osmedile.intellij.stringmanip.escaping.UnescapeJsonAction" />
        <option name="description" value="org.apache.commons.text.StringEscapeUtils#unescapeJson" />
        <option name="textWithMnemonic" value="Unescape JSON" />
      </UniversalActionModel>
    </option>
  </component>
</application>