<application>
  <component name="BlockTerminalUsage">
    <option name="blockTerminalUsedLastTimeMillis" value="1747063176830" />
    <option name="blockTerminalUsedLastVersion" value="251.25410.24" />
  </component>
  <component name="ReworkedTerminalUsage"><![CDATA[{
  "feedbackNotificationShown": true,
  "enterKeyPressedTimes": 3566
}]]></component>
  <component name="TerminalOptionsProvider">
    <option name="myCopyOnSelection" value="true" />
    <option name="useOptionAsMetaKey" value="true" />
  </component>
</application>