<application>
  <component name="Trusted.Paths">
    <option name="TRUSTED_PROJECT_PATHS">
      <map>
        <entry key="$USER_HOME$/ticktick-mcp" value="true" />
        <entry key="$USER_HOME$/ticktick-mcp-server" value="true" />
        <entry key="$USER_HOME$/workspace/dashboard" value="true" />
        <entry key="$USER_HOME$/workspace/dotfiles" value="true" />
        <entry key="$USER_HOME$/workspace/platform" value="true" />
        <entry key="$USER_HOME$/workspace/platform/cli" value="true" />
        <entry key="$USER_HOME$/workspace/platform/core/connectors" value="true" />
        <entry key="$USER_HOME$/workspace/platform/core/core-jobs" value="true" />
        <entry key="$USER_HOME$/workspace/platform/core/core-publisher" value="true" />
        <entry key="$USER_HOME$/workspace/platform/core/django-configurations" value="true" />
        <entry key="$USER_HOME$/workspace/platform/core/encryption" value="true" />
        <entry key="$USER_HOME$/workspace/platform/core/http-client" value="true" />
        <entry key="$USER_HOME$/workspace/platform/core/initializer" value="true" />
        <entry key="$USER_HOME$/workspace/platform/core/logger" value="true" />
        <entry key="$USER_HOME$/workspace/platform/core/metrics" value="true" />
        <entry key="$USER_HOME$/workspace/platform/core/serializing" value="true" />
        <entry key="$USER_HOME$/workspace/platform/core/slack-client" value="true" />
        <entry key="$USER_HOME$/workspace/platform/core/task-worker" value="true" />
        <entry key="$USER_HOME$/workspace/platform/core/temporal-client" value="true" />
        <entry key="$USER_HOME$/workspace/platform/infra" value="true" />
        <entry key="$USER_HOME$/workspace/platform/libs/ai-platform" value="true" />
        <entry key="$USER_HOME$/workspace/platform/libs/anyv" value="true" />
        <entry key="$USER_HOME$/workspace/platform/libs/asset-balance" value="true" />
        <entry key="$USER_HOME$/workspace/platform/libs/auditlog" value="true" />
        <entry key="$USER_HOME$/workspace/platform/libs/browser-agents" value="true" />
        <entry key="$USER_HOME$/workspace/platform/libs/browser-fetcher" value="true" />
        <entry key="$USER_HOME$/workspace/platform/libs/builders" value="true" />
        <entry key="$USER_HOME$/workspace/platform/libs/chat-workflow" value="true" />
        <entry key="$USER_HOME$/workspace/platform/libs/classification-rules" value="true" />
        <entry key="$USER_HOME$/workspace/platform/libs/classifications" value="true" />
        <entry key="$USER_HOME$/workspace/platform/libs/clients" value="true" />
        <entry key="$USER_HOME$/workspace/platform/libs/clustering" value="true" />
        <entry key="$USER_HOME$/workspace/platform/libs/cost-basis" value="true" />
        <entry key="$USER_HOME$/workspace/platform/libs/custodian-sync" value="true" />
        <entry key="$USER_HOME$/workspace/platform/libs/data-analytics" value="true" />
        <entry key="$USER_HOME$/workspace/platform/libs/data-types" value="true" />
        <entry key="$USER_HOME$/workspace/platform/libs/document-schema" value="true" />
        <entry key="$USER_HOME$/workspace/platform/libs/entity-builder" value="true" />
        <entry key="$USER_HOME$/workspace/platform/libs/erp" value="true" />
        <entry key="$USER_HOME$/workspace/platform/libs/events" value="true" />
        <entry key="$USER_HOME$/workspace/platform/libs/external-clients" value="true" />
        <entry key="$USER_HOME$/workspace/platform/libs/fetcher-results" value="true" />
        <entry key="$USER_HOME$/workspace/platform/libs/fetcher-workflows" value="true" />
        <entry key="$USER_HOME$/workspace/platform/libs/fiat-values" value="true" />
        <entry key="$USER_HOME$/workspace/platform/libs/fifo-cost-basis" value="true" />
        <entry key="$USER_HOME$/workspace/platform/libs/form-filler" value="true" />
        <entry key="$USER_HOME$/workspace/platform/libs/form-generator" value="true" />
        <entry key="$USER_HOME$/workspace/platform/libs/graphql-assistant" value="true" />
        <entry key="$USER_HOME$/workspace/platform/libs/integrations" value="true" />
        <entry key="$USER_HOME$/workspace/platform/libs/internal-account" value="true" />
        <entry key="$USER_HOME$/workspace/platform/libs/llm-utils" value="true" />
        <entry key="$USER_HOME$/workspace/platform/libs/lookups" value="true" />
        <entry key="$USER_HOME$/workspace/platform/libs/manual-csv" value="true" />
        <entry key="$USER_HOME$/workspace/platform/libs/matching" value="true" />
        <entry key="$USER_HOME$/workspace/platform/libs/organization-settings" value="true" />
        <entry key="$USER_HOME$/workspace/platform/libs/pre-load-data" value="true" />
        <entry key="$USER_HOME$/workspace/platform/libs/pre-process-filters" value="true" />
        <entry key="$USER_HOME$/workspace/platform/libs/reconciliation-engine" value="true" />
        <entry key="$USER_HOME$/workspace/platform/libs/report-analyst" value="true" />
        <entry key="$USER_HOME$/workspace/platform/libs/resource-semaphore" value="true" />
        <entry key="$USER_HOME$/workspace/platform/libs/rollup-transactions" value="true" />
        <entry key="$USER_HOME$/workspace/platform/libs/rule-engine" value="true" />
        <entry key="$USER_HOME$/workspace/platform/libs/schema" value="true" />
        <entry key="$USER_HOME$/workspace/platform/libs/scripts" value="true" />
        <entry key="$USER_HOME$/workspace/platform/libs/smoke-test" value="true" />
        <entry key="$USER_HOME$/workspace/platform/libs/spam-classification" value="true" />
        <entry key="$USER_HOME$/workspace/platform/libs/staking" value="true" />
        <entry key="$USER_HOME$/workspace/platform/libs/test-utils" value="true" />
        <entry key="$USER_HOME$/workspace/platform/libs/transaction-analyst" value="true" />
        <entry key="$USER_HOME$/workspace/platform/libs/transaction-classifier" value="true" />
        <entry key="$USER_HOME$/workspace/platform/libs/transaction-utils" value="true" />
        <entry key="$USER_HOME$/workspace/platform/libs/tres-agent" value="true" />
        <entry key="$USER_HOME$/workspace/platform/libs/utils" value="true" />
        <entry key="$USER_HOME$/workspace/platform/libs/workflow-definitions" value="true" />
        <entry key="$USER_HOME$/workspace/platform/microservices/balance" value="true" />
        <entry key="$USER_HOME$/workspace/platform/microservices/bfb" value="true" />
        <entry key="$USER_HOME$/workspace/platform/microservices/bff" value="true" />
        <entry key="$USER_HOME$/workspace/platform/microservices/bff-mcp" value="true" />
        <entry key="$USER_HOME$/workspace/platform/microservices/bff-worker" value="true" />
        <entry key="$USER_HOME$/workspace/platform/microservices/classifiers" value="true" />
        <entry key="$USER_HOME$/workspace/platform/microservices/collectors" value="true" />
        <entry key="$USER_HOME$/workspace/platform/microservices/custodian-tasks" value="true" />
        <entry key="$USER_HOME$/workspace/platform/microservices/defi-collectors" value="true" />
        <entry key="$USER_HOME$/workspace/platform/microservices/enrichers" value="true" />
        <entry key="$USER_HOME$/workspace/platform/microservices/financials" value="true" />
        <entry key="$USER_HOME$/workspace/platform/microservices/financials-worker" value="true" />
        <entry key="$USER_HOME$/workspace/platform/microservices/ledger-tasks" value="true" />
        <entry key="$USER_HOME$/workspace/platform/microservices/notification-center" value="true" />
        <entry key="$USER_HOME$/workspace/platform/microservices/orchestrator" value="true" />
        <entry key="$USER_HOME$/workspace/platform/microservices/pricing" value="true" />
        <entry key="$USER_HOME$/workspace/platform/microservices/redirector" value="true" />
        <entry key="$USER_HOME$/workspace/platform/microservices/reporting" value="true" />
        <entry key="$USER_HOME$/workspace/platform/microservices/temporal-collectors" value="true" />
        <entry key="$USER_HOME$/workspace/platform/microservices/temporal-light-worker" value="true" />
        <entry key="$USER_HOME$/workspace/platform/microservices/temporal-worker" value="true" />
        <entry key="$USER_HOME$/workspace/platform/microservices/transaction-builder" value="true" />
        <entry key="$USER_HOME$/workspace/project1" value="true" />
        <entry key="$USER_HOME$/workspace/public-docs" value="true" />
      </map>
    </option>
  </component>
  <component name="Trusted.Paths.Settings">
    <option name="TRUSTED_PATHS">
      <list>
        <option value="$USER_HOME$/workspace" />
      </list>
    </option>
  </component>
</application>