<application>
  <component name="DimensionService">
    <location key="find.popup.0.0.2560.1440" x="991" y="107" />
    <location key="find.popup.0.0.2048.1330" x="870" y="214" />
    <location key="find.popup.0.0.1920.1080" x="468" y="59" />
    <location key="find.popup.-162.-1440.2560.1440" x="809" y="-1260" />
    <location key="find.popup.0.0.3024.1964@192dpi" x="1170" y="186" />
    <location key="find.popup.-467.-1440.2560.1440" x="157" y="-1394" />
    <location key="find.popup.1920.-141.2560.1440" x="2911" y="-34" />
    <location key="find.popup.-1920.152.1920.1080" x="624" y="70" />
    <location key="find.popup.0.0.2560.1440@120dpi" x="991" y="107" />
    <size key="GridCell.Tab.0.left.0.0.2560.1440" width="0" height="0" />
    <size key="GridCell.Tab.0.center.0.0.2560.1440" width="0" height="0" />
    <size key="GridCell.Tab.0.right.0.0.2560.1440" width="0" height="0" />
    <size key="GridCell.Tab.0.bottom.0.0.2560.1440" width="0" height="0" />
    <size key="GridCell.Tab.1.left.0.0.2560.1440" width="2036" height="435" />
    <size key="GridCell.Tab.1.center.0.0.2560.1440" width="2036" height="435" />
    <size key="GridCell.Tab.1.right.0.0.2560.1440" width="2036" height="435" />
    <size key="GridCell.Tab.1.bottom.0.0.2560.1440" width="2036" height="435" />
    <size key="find.popup.0.0.2560.1440" width="1336" height="935" />
    <size key="GridCell.Tab.0.left.0.0.2048.1330" width="1982" height="407" />
    <size key="GridCell.Tab.0.center.0.0.2048.1330" width="1982" height="407" />
    <size key="GridCell.Tab.0.right.0.0.2048.1330" width="1982" height="407" />
    <size key="GridCell.Tab.0.bottom.0.0.2048.1330" width="1982" height="407" />
    <size key="GridCell.Tab.1.left.0.0.2048.1330" width="1982" height="387" />
    <size key="GridCell.Tab.1.center.0.0.2048.1330" width="1982" height="387" />
    <size key="GridCell.Tab.1.right.0.0.2048.1330" width="1982" height="387" />
    <size key="GridCell.Tab.1.bottom.0.0.2048.1330" width="1982" height="387" />
    <size key="find.popup.0.0.2048.1330" width="1178" height="1116" />
    <size key="GridCell.Tab.0.left.0.0.1920.1080" width="1854" height="570" />
    <size key="GridCell.Tab.0.center.0.0.1920.1080" width="1854" height="570" />
    <size key="GridCell.Tab.0.right.0.0.1920.1080" width="1854" height="570" />
    <size key="GridCell.Tab.0.bottom.0.0.1920.1080" width="1854" height="570" />
    <size key="find.popup.0.0.1920.1080" width="859" height="982" />
    <size key="GridCell.Tab.1.left.0.0.1920.1080" width="1854" height="570" />
    <size key="GridCell.Tab.1.center.0.0.1920.1080" width="1854" height="570" />
    <size key="GridCell.Tab.1.right.0.0.1920.1080" width="1854" height="570" />
    <size key="GridCell.Tab.1.bottom.0.0.1920.1080" width="1854" height="570" />
    <size key="GridCell.Tab.0.left.-162.-1440.2560.1440" width="2494" height="460" />
    <size key="GridCell.Tab.0.center.-162.-1440.2560.1440" width="2494" height="460" />
    <size key="GridCell.Tab.0.right.-162.-1440.2560.1440" width="2494" height="460" />
    <size key="GridCell.Tab.0.bottom.-162.-1440.2560.1440" width="2494" height="460" />
    <size key="GridCell.Tab.1.left.-162.-1440.2560.1440" width="2494" height="460" />
    <size key="GridCell.Tab.1.center.-162.-1440.2560.1440" width="2494" height="460" />
    <size key="GridCell.Tab.1.right.-162.-1440.2560.1440" width="2494" height="460" />
    <size key="GridCell.Tab.1.bottom.-162.-1440.2560.1440" width="2494" height="460" />
    <size key="find.popup.-162.-1440.2560.1440" width="1080" height="1260" />
    <size key="find.popup.0.0.3024.1964@192dpi" width="1580" height="1248" />
    <size key="GridCell.Tab.0.left.0.0.3024.1964@192dpi" width="2892" height="580" />
    <size key="GridCell.Tab.0.center.0.0.3024.1964@192dpi" width="2892" height="580" />
    <size key="GridCell.Tab.0.right.0.0.3024.1964@192dpi" width="2892" height="580" />
    <size key="GridCell.Tab.0.bottom.0.0.3024.1964@192dpi" width="2892" height="580" />
    <size key="GridCell.Tab.1.left.0.0.3024.1964@192dpi" width="2892" height="580" />
    <size key="GridCell.Tab.1.center.0.0.3024.1964@192dpi" width="2892" height="580" />
    <size key="GridCell.Tab.1.right.0.0.3024.1964@192dpi" width="2892" height="580" />
    <size key="GridCell.Tab.1.bottom.0.0.3024.1964@192dpi" width="2892" height="580" />
    <size key="GridCell.Tab.0.left.-467.-1440.2560.1440" width="2494" height="504" />
    <size key="GridCell.Tab.0.center.-467.-1440.2560.1440" width="2494" height="504" />
    <size key="GridCell.Tab.0.right.-467.-1440.2560.1440" width="2494" height="504" />
    <size key="GridCell.Tab.0.bottom.-467.-1440.2560.1440" width="2494" height="504" />
    <size key="GridCell.Tab.1.left.-467.-1440.2560.1440" width="2494" height="504" />
    <size key="GridCell.Tab.1.center.-467.-1440.2560.1440" width="2494" height="504" />
    <size key="GridCell.Tab.1.right.-467.-1440.2560.1440" width="2494" height="504" />
    <size key="GridCell.Tab.1.bottom.-467.-1440.2560.1440" width="2494" height="504" />
    <size key="find.popup.-467.-1440.2560.1440" width="1145" height="1339" />
    <size key="GridCell.Tab.0.left.1920.-141.2560.1440" width="2494" height="451" />
    <size key="GridCell.Tab.0.center.1920.-141.2560.1440" width="2494" height="451" />
    <size key="GridCell.Tab.0.right.1920.-141.2560.1440" width="2494" height="451" />
    <size key="GridCell.Tab.0.bottom.1920.-141.2560.1440" width="2494" height="451" />
    <size key="GridCell.Tab.1.left.1920.-141.2560.1440" width="2494" height="451" />
    <size key="GridCell.Tab.1.center.1920.-141.2560.1440" width="2494" height="451" />
    <size key="GridCell.Tab.1.right.1920.-141.2560.1440" width="2494" height="451" />
    <size key="GridCell.Tab.1.bottom.1920.-141.2560.1440" width="2494" height="451" />
    <size key="find.popup.1920.-141.2560.1440" width="1336" height="935" />
    <size key="find.popup.-1920.152.1920.1080" width="1145" height="1316" />
    <size key="find.popup.0.0.2560.1440@120dpi" width="1336" height="935" />
    <size key="GridCell.Tab.0.left.0.0.2560.1440@120dpi" width="2478" height="385" />
    <size key="GridCell.Tab.0.center.0.0.2560.1440@120dpi" width="2478" height="385" />
    <size key="GridCell.Tab.0.right.0.0.2560.1440@120dpi" width="2478" height="385" />
    <size key="GridCell.Tab.0.bottom.0.0.2560.1440@120dpi" width="2478" height="385" />
    <size key="GridCell.Tab.1.left.0.0.2560.1440@120dpi" width="2478" height="385" />
    <size key="GridCell.Tab.1.center.0.0.2560.1440@120dpi" width="2478" height="385" />
    <size key="GridCell.Tab.1.right.0.0.2560.1440@120dpi" width="2478" height="385" />
    <size key="GridCell.Tab.1.bottom.0.0.2560.1440@120dpi" width="2478" height="385" />
  </component>
  <component name="WindowManager">
    <frame x="0" y="25" width="1920" height="1055" extendedState="6" />
  </component>
  <component name="WindowStateApplicationService">
    <state width="777" height="779" key="ShowUsagesActions.dimensionServiceKey" timestamp="1769005000731">
      <screen x="0" y="25" width="1920" height="1055" />
    </state>
    <state width="1048" height="1181" key="ShowUsagesActions.dimensionServiceKey.ideScale=90" timestamp="1768315336288">
      <screen x="0" y="25" width="2560" height="1415" />
    </state>
    <state width="848" height="1117" key="ShowUsagesActions.dimensionServiceKey.ideScale=90/-1920.177.1920.1055/0.25.2560.1335" timestamp="1762279890591" />
    <state width="767" height="1134" key="ShowUsagesActions.dimensionServiceKey.ideScale=90/-1920.177.1920.1055/0.25.2560.1356" timestamp="1764668043138" />
    <state width="756" height="1183" key="ShowUsagesActions.dimensionServiceKey.ideScale=90/-1920.177.1920.1055/0.25.2560.1415" timestamp="1767701701428" />
    <state width="1257" height="944" key="ShowUsagesActions.dimensionServiceKey.ideScale=90/0.25.1920.1055" timestamp="1765727933801" />
    <state width="848" height="1237" key="ShowUsagesActions.dimensionServiceKey.ideScale=90/0.25.1920.1055/1920.-116.2560.1415" timestamp="1767883505917" />
    <state width="1043" height="824" key="ShowUsagesActions.dimensionServiceKey.ideScale=90/0.25.1920.984/1920.-116.2560.1415" timestamp="1762776903151" />
    <state width="846" height="145" key="ShowUsagesActions.dimensionServiceKey.ideScale=90/0.25.1920.985/1920.-116.2560.1415" timestamp="1767866687654" />
    <state width="1055" height="827" key="ShowUsagesActions.dimensionServiceKey.ideScale=90/0.25.1920.987/1920.-116.2560.1415" timestamp="1763046512981" />
    <state width="625" height="1111" key="ShowUsagesActions.dimensionServiceKey.ideScale=90/0.25.2560.1331/-1920.177.1920.1055" timestamp="1761060692798" />
    <state width="653" height="1181" key="ShowUsagesActions.dimensionServiceKey.ideScale=90/0.25.2560.1356/-1920.177.1920.1055" timestamp="1763462029842" />
    <state width="1048" height="1181" key="ShowUsagesActions.dimensionServiceKey.ideScale=90/0.25.2560.1415/-1920.177.1920.1055" timestamp="1768315336288" />
    <state width="947" height="791" key="ShowUsagesActions.dimensionServiceKey.ideScale=90/0.38.1512.944" timestamp="1767729776884" />
    <state width="620" height="813" key="ShowUsagesActions.dimensionServiceKey.ideScale=90/1920.-116.2560.1331/0.25.1920.971" timestamp="1761145252895" />
    <state width="592" height="1189" key="ShowUsagesActions.dimensionServiceKey.ideScale=90/1920.-116.2560.1415/0.25.1920.1055" timestamp="1767618819950" />
    <state width="1010" height="833" key="ShowUsagesActions.dimensionServiceKey.ideScale=90/1920.-116.2560.1415/0.25.1920.979" timestamp="1762421965111" />
    <state width="798" height="824" key="ShowUsagesActions.dimensionServiceKey.ideScale=90/1920.-116.2560.1415/0.25.1920.984" timestamp="1763569056808" />
    <state width="790" height="825" key="ShowUsagesActions.dimensionServiceKey.ideScale=90/1920.-116.2560.1415/0.25.1920.985" timestamp="1764592808090" />
    <state width="975" height="827" key="ShowUsagesActions.dimensionServiceKey.ideScale=90/1920.-116.2560.1415/0.25.1920.987" timestamp="1765209447495" />
    <state width="696" height="827" key="ShowUsagesActions.dimensionServiceKey.ideScale=90/1920.-116.2560.1415/0.25.1920.988" timestamp="1760532890256" />
    <state width="930" height="835" key="ShowUsagesActions.dimensionServiceKey.ideScale=90/1920.-116.2560.1415/0.25.1920.997" timestamp="1761231727527" />
    <state width="777" height="779" key="ShowUsagesActions.dimensionServiceKey/0.25.1920.1055/1920.-116.2560.1415" timestamp="1769005000731" />
    <state width="866" height="1044" key="ShowUsagesActions.dimensionServiceKey/0.25.2560.1415/-1920.177.1920.1055" timestamp="1768912509617" />
    <state width="836" height="779" key="ShowUsagesActions.dimensionServiceKey/1920.-116.2560.1415/0.25.1920.1055" timestamp="1768988207083" />
    <state x="1280" y="688" width="1694" height="1148" key="WELCOME_SCREEN.ideScale=90" timestamp="1761046645888">
      <screen x="0" y="25" width="2560" height="1330" />
    </state>
    <state x="1280" y="688" width="1694" height="1148" key="WELCOME_SCREEN.ideScale=90/0.25.2560.1330/-1920.177.1920.1055" timestamp="1761046645888" />
  </component>
</application>